{"cameraMode":{"drawMode":0,"name":"Shaded","section":"Shading Mode"},"sceneLighting":true,"audioPlay":false,"sceneViewState":{"showFog":true,"showMaterialUpdate":false,"showSkybox":true,"showFlares":true,"showImageEffects":true,"showParticleSystems":true},"in2DMode":false,"pivot":{"x":3.4104766845703127,"y":-2.467226266860962,"z":4.590773105621338},"rotation":{"x":-0.2792394459247589,"y":-0.25583547353744509,"z":0.07746228575706482,"w":-0.9222710132598877},"size":12.144281387329102,"orthographic":false}