{"cameraMode":{"drawMode":0,"name":"Shaded","section":"Shading Mode"},"sceneLighting":true,"audioPlay":false,"sceneViewState":{"showFog":true,"showMaterialUpdate":false,"showSkybox":true,"showFlares":true,"showImageEffects":true,"showParticleSystems":true},"in2DMode":false,"pivot":{"x":680.355224609375,"y":349.0895690917969,"z":-33.06672286987305},"rotation":{"x":-0.07292616367340088,"y":-0.2986220717430115,"z":-0.022874774411320688,"w":0.9513770341873169},"size":449.1204833984375,"orthographic":false}