{"cameraMode":{"drawMode":0,"name":"Shaded","section":"Shading Mode"},"sceneLighting":true,"audioPlay":false,"sceneViewState":{"showFog":true,"showMaterialUpdate":false,"showSkybox":true,"showFlares":true,"showImageEffects":true,"showParticleSystems":true},"in2DMode":false,"pivot":{"x":6.4657979011535648,"y":0.531827449798584,"z":-1.6914873123168946},"rotation":{"x":-0.0042871832847595219,"y":0.9880775213241577,"z":0.02785891853272915,"w":0.1514706164598465},"size":2.0876963138580324,"orthographic":false}