{"cameraMode":{"drawMode":0,"name":"Shaded","section":"Shading Mode"},"sceneLighting":true,"audioPlay":false,"sceneViewState":{"showFog":true,"showMaterialUpdate":false,"showSkybox":true,"showFlares":true,"showImageEffects":true,"showParticleSystems":true},"in2DMode":false,"pivot":{"x":6.434628486633301,"y":-0.09577596932649613,"z":-0.23629480600357057},"rotation":{"x":-0.007619708776473999,"y":0.8521590232849121,"z":-0.012221040204167366,"w":-0.5231910943984985},"size":-0.7574275732040405,"orthographic":false}