{"cameraMode":{"drawMode":0,"name":"Shaded","section":"Shading Mode"},"sceneLighting":true,"audioPlay":false,"sceneViewState":{"showFog":true,"showMaterialUpdate":false,"showSkybox":true,"showFlares":true,"showImageEffects":true,"showParticleSystems":true},"in2DMode":false,"pivot":{"x":0.9998750686645508,"y":-0.14969997107982636,"z":1.3369507789611817},"rotation":{"x":0.02270599640905857,"y":0.09433010965585709,"z":-0.0021515577100217344,"w":0.9952806830406189},"size":9.629081726074219,"orthographic":false}