{"cameraMode":{"drawMode":0,"name":"Shaded","section":"Shading Mode"},"sceneLighting":true,"audioPlay":false,"sceneViewState":{"showFog":true,"showMaterialUpdate":false,"showSkybox":true,"showFlares":true,"showImageEffects":true,"showParticleSystems":true},"in2DMode":false,"pivot":{"x":433.3077087402344,"y":278.2493896484375,"z":238.95458984375},"rotation":{"x":-0.05098606273531914,"y":0.007818919606506825,"z":-0.0000034085176139342367,"w":-0.9987741112709045},"size":988.7150268554688,"orthographic":false}