{"cameraMode":{"drawMode":0,"name":"Shaded","section":"Shading Mode"},"sceneLighting":true,"audioPlay":false,"sceneViewState":{"showFog":true,"showMaterialUpdate":false,"showSkybox":true,"showFlares":true,"showImageEffects":true,"showParticleSystems":true},"in2DMode":false,"pivot":{"x":-24.697765350341798,"y":-6.697916030883789,"z":20.505470275878908},"rotation":{"x":0.34480270743370058,"y":-0.42798569798469546,"z":0.1808588057756424,"w":0.8157052993774414},"size":104.87433624267578,"orthographic":false}