{"cameraMode":{"drawMode":0,"name":"Shaded","section":"Shading Mode"},"sceneLighting":true,"audioPlay":false,"sceneViewState":{"showFog":true,"showMaterialUpdate":false,"showSkybox":false,"showFlares":true,"showImageEffects":true,"showParticleSystems":true},"in2DMode":false,"pivot":{"x":9.277999877929688,"y":2.6470000743865969,"z":-4.104000091552734},"rotation":{"x":-0.12570074200630189,"y":-0.27983358502388,"z":0.03696787357330322,"w":-0.9510887861251831},"size":4.226810455322266,"orthographic":false}