{"cameraMode":{"drawMode":0,"name":"Shaded","section":"Shading Mode"},"sceneLighting":true,"audioPlay":false,"sceneViewState":{"showFog":true,"showMaterialUpdate":false,"showSkybox":false,"showFlares":true,"showImageEffects":true,"showParticleSystems":true},"in2DMode":false,"pivot":{"x":-0.03700065612792969,"y":1.2720003128051758,"z":-1.2109999656677247},"rotation":{"x":-0.07319758087396622,"y":0.4702122211456299,"z":0.039143238216638568,"w":0.8786569237709045},"size":76.71060180664063,"orthographic":false}