{"cameraMode":{"drawMode":0,"name":"Shaded","section":"Shading Mode"},"sceneLighting":false,"audioPlay":false,"sceneViewState":{"showFog":true,"showMaterialUpdate":false,"showSkybox":false,"showFlares":true,"showImageEffects":true,"showParticleSystems":true},"in2DMode":false,"pivot":{"x":1.2435961961746216,"y":-0.5853293538093567,"z":1.0577553510665894},"rotation":{"x":0.29877766966819765,"y":-0.37670987844467165,"z":0.12980929017066956,"w":0.8671749830245972},"size":1.5039438009262086,"orthographic":false}